{"cameraMode":{"drawMode":0,"name":"Shaded","section":"Shading Mode"},"sceneLighting":true,"audioPlay":false,"sceneViewState":{"m_AlwaysRefresh":false,"showFog":true,"showSkybox":true,"showFlares":true,"showImageEffects":true,"showParticleSystems":true,"showVisualEffectGraphs":true,"m_FxEnabled":true},"in2DMode":false,"pivot":{"x":-2.4118289947509767,"y":-0.8263773918151856,"z":0.12099766731262207},"rotation":{"x":0.13942743837833405,"y":0.5838250517845154,"z":-0.10262483358383179,"w":0.793208658695221},"size":6.147886753082275,"orthographic":false}